dataset,template,cv_score,test_score,best_score,baseline,exline,elapsed_time,tuning_iterations,data_modality
30_personae,dfs_xgb_classification.hp.yml,0.7288938031352892,0.6190476190476191,0.645161,0.571429,0.619048,0 days 00:00:31.773994000,1,text
57_hypothyroid,dfs_xgb_classification.hp.yml,0.8654183894343094,0.9459027143606584,0.991213,0.842661,0.977997,0 days 00:00:48.834027000,1,single_table
185_baseball,dfs_xgb_classification.hp.yml,0.6801760028356891,0.6572199730094467,0.791903,0.69137,0.713804,0 days 00:01:11.787577000,1,single_table
313_spectrometer,dfs_xgb_classification.hp.yml,0.30511183768252553,0.3919929751269464,0.465896,0.19095,0.496147,0 days 00:54:58.797304000,1,single_table
27_wordLevels,dfs_xgb_classification.hp.yml,0.2982165253998572,0.30197010484608583,0.30416,0.315046,0.31072,0 days 00:01:29.914135000,1,single_table
1491_one_hundred_plants_margin,dfs_xgb_classification.hp.yml,0.011311174179675679,0.7390901875901876,0.915056,0.693786,0.862722,0 days 00:44:44.763537000,1,single_table
